Promoter,Sequence
prom_28,GAAAAGTCCCCTGCAGCAGCAATCATAGGGCCCACTCACTRCCATRTCTTCCCACCTCCTAAGAAATGGCTRCCMCACGCCMCTTTGAMGACTTACTCCTCAAGGTAAAACTTGGCGTACGGAGAGRGGTCGAGAAAA
prom_29,TCTCTCCACACCCTCTTCTGAACTCTCATATACACCMCATGGGTGAAAAGTAATATMCGTAAAAGTCTCGCTAACGGATGAMGTTAACAACGCAMGCCCGCTCCTTGCGAAATTTATTGTGRGGACGTCGTTCACGTG
prom_30,GGCATTTTTCCGCATGGAAACGAAACGTGGGCATGACRTGGAAGCGATRATCCGAGCGCTTCTGCTACTGTRGTGACMACCGTACCAAAGGAGRGGTAATAAGACMCTGTGCMCTTTGCCAGCATACGTGTTACCCCC
prom_31,TGGCAGAAGTTACTGCAGTGGAAGAACTACCTTTTCCAGCATARCCTCCGCMACCAAAAAATGCAGGTGCTRCGTTTTCTGGATACGTGGMTGGMCTTTAAAACGCATGGGAGRGACAGTATMTCACCGATTTGGTAA
prom_32,CAGTCACATATATCATCACCAATTACCATTTTCAGRGAGTCTGGTCGCGRGGTCGCGRGGTCGCTAATCCAGRGGCAGTCCAGTRTCAGAATTGGTAAGCTRCAAGAACCCCATAAGGCCTGTCCTRCCTGGCATGAT
prom_33,GAAATAGAAATGGTCATTTTAAGCTCAAGTGAAGCGAAAAAAGGAGGTATACTCCTTTACGCRTCACCCAATCTGGATAGRCACRTCAAACTCATTAGGTCTCATMAAGAACTAGTGTAGAAATGAMGCTTGAACTCC
prom_34,CGCCTTCTAACAAGCGATGAAGCCATGCTTAGCGCGGMAAAGAGAATTAMTTAGAATATGRATGATRCAGCCCTRTCATATTCTTCCATAAGGGAATGACAAGGACAATAGTAAAGTCRATCACGCCCTGTCAGGAAC
prom_35,ACCTCGAGCGGGTGACGAAATAGTGGAAAAGAAACGRGGAAGCAAAACTGTGCTGTTCTGRCCCGMAGCGGACGAACRTCATTAAAGGCGCTCCATTTCTGTCGTGAGRGTCTTTCGGTGCGGTGGTGAGGCTGCGTA
prom_36,GATGAGGTCTCCTCTTGCCCGGGCCGCAGAAAAGAGRGGCAGTGGCCTGTTTTTCGACATAAATGAGRGGCATGRCCAGCACCGAGACRTCATTGTTGCATATGGCGTATCCAARCCGAAACGGMGCTCGCCTCATCC
prom_37,CGCTATAAAAATATAGCTGGGCTAATTTTATTCTATARCTGGMCATTTTTTTATGCGATATCTRCTGGTTTTTTACAGCTGRAATGCCGTGACAGATGTAACAARAATGTRTTTCAGCTGGCATTMTCACTCAGAAAT
prom_38,AGTAAAAGGAGATAGGGCCCAGATGACCAAATCAARAATGGCTCACTGTTRAAAMATTMTGCTTAATGTCGAAACAGTCCGTAAACAAACACATTMCCACAAAACACCGCACCRCGAAAAAAAAAAAAAACAGGAAAA
prom_39,ATTACATTACATAATAATAAATAAATGACAACTGTMTTCTTTACAGCGTATGTTGGAGCTTACTCCCGAAGCATAAACCCAGTTCTTMTARAAGAATTGAMAGCAGAAAGGAAAGRGGTACCGAAGRCAAACTCAACC
prom_40,GGCAGCGCCCGCAACATTCGGCGACTCGACGCGCTRCCAGRCTGGAAAGTTAGGACGGCGGCACCMCTGGTGGTTGCAAGRGTTTAGCTTATTTCAGAAAGGGATACTGRCCAGMAAACGTATTAGRGGCACACTATT
prom_41,CTAGAGAGGCAAAAAAAAAGGTTGCCAAGTAAAGCRAAGTATTTRAAGTATACTGCAARCATMACCGAAACAGGAAATCACGAAGCTGAMTCATCTGTGATTTTCCGTCCMCACCATAGTGATGTAACATGCAGTAAC
prom_42,GTGTAGGGTTTTGTATAACAGATMGGCCTAGCAGCCAGGAGATGGCAMGGCGCCAACTGAAAAGTTAGACTGTRGAATTGCCRTTCACMACACTCGAGTRGCATCTAATAAACTGCMACAGTTGACTCAAGCGGTGCT
prom_43,CGTCGGTCCTCTGTTTCCTATTATATTTGCGCACAGTRACAGTGMGGCAATTGATATGTMAGRGACCACTGGAAAACRACGTTGCCTAGTAGTTGTGRCAGCTCCGATAGTTRACATTCTCATTAGTAACCGAACTTC
prom_44,CGCGCTCTTTGTTACACTCGCAAAATTTTTTTGMTGGGCAAAATAAAGCACTCTCCGGCCATTACTGGCTGTCGTCCGCCAGGATTTTCATTAACTTRCAGMAGTAAAMAAMCAAAACACAATTATRACACCGTGGAA
prom_45,CTTGCAGCCGAGACGCGACTTCGGAACGATGCCAGMATACGTATTTACCATTATTAAAAAAATCTRATGGCTTGATACTRCRCGTTTCTTTTTATAGCATTAATACGCACACATACRCGCATTGTTRTTTACTATAAA
prom_46,AGGAACACGCGTTTCGTGGGCTTTGGACCACTACCMCGGMGTTCAGAGAAACCCCMCGRGGCAGRGRTCCGAAGTCTAAAAGTTTAATCCGGAAGTAGCGACGGGGGGGAAGCCCGCCGCGCACAGATGGCCAGCACA
prom_47,TCTAATGCTAATGTTCAACTGCTCTTTAAGTATTRTTTACGTCTCGTCGTACCAGTATGCCAAATTMCTGTCACTTCACTCATTMTCTTTGCTCTTACCGTTTGAAAMGCGCTGGGACGGAATTMGCTCATTTCGCAT
prom_48,CTAAGAAAGACCCAGAGGCACATGCAAGATAGTTGTGCMTGTACCACRTGAGAAGGCGGTATTCAATATGCGGTGCTGTRCTGGCTTCCCTTTTTGGAACGCRCCGRGGTATAACAAAGAAAGGMTAAGTCATACAAT
prom_49,GTAATACAATTTATAAACCACCACCTTGGCCTCRATCTATTGCGCTTATGTTGTCTATTARTAATCAAGAAAAGAACCCTAAATCATCGGCGTCCMCTGTGGGGCTCTCGGAAAAACCGGTCCTGAMGTCACTGAAAA
prom_50,ACTGAACTGCCTTAGCTCCGAAGGGCAATTCCACAGRCACTCCRCGGGRCCCGRCCAAGRCCCAAAAGGCGTGGAATATGCRCGTTTTGGGGCCATAACACMCAGTACCACGGCCGGAACGGGCCATATAATAAGTTT
prom_51,GCGACCACCCAGTAATCATACTGCTGACGCTATTGGTCAMGTGRTTATGGCAGCTGCTGTTGACTGCGGTRGCGTCCCGTTTCCACACCGTAMGTGAGCACATGTCTGGATTGCTAGCTGCRTACATAGTGACAGGCC
prom_52,CCTTCTCATGGCACCTTCTTCGTTTCTTCATCCTGMATTAGACTTACTAGTGTGCTTGCCGGATGMGTGCTTTTTTTTTCCGGCCRACACATATCGCTGAGCTGGAAGRACACCTTTTAATGTMRCMGTGCATGCGGC
prom_53,AACTGCCTTAGCTCCGAAGGGCAATTCCACAGGCACTCCRCGGGRCCCGRCCAAGRCCCAAAAGGCGTGGAATATGCGCGTTTTGGGRCCATAACACCCAGTACCAMGRCCGGAACGGGCCATATAATAAGTTTTTCA
prom_54,AGCCGCTGCTGCAGGTTGTACTTCAACTTTAAGTCRCCGCRTTGCAAGTACATTGTGAAAAGATACTRCCTTACRTTAATTTTCTATATMCAATTGGGGAATATGCATGTCCGAATCTGGMAGATRCATGGATCGTTG
prom_55,AAAGTGGAACTAGACCCCACGTCAGCGGGCCTAGGMCCTTCAATGTGTTAGAATACACAGCGTGMCTAGTTCCTGGTGMCTGGATCTCGARGCCRMGGCACTGGAAAAGCCCTTTCTTTTCCARATCGGGAAACCTAA
prom_56,ATTACATGTCGGTAATTAGATGATTAACCTAGGCAATTTGAARGGGRATAGTGGCATTGGTTARCTCAGATATGATAAGGAGAACTAAGCAAGRGGGTTAACCACCAMGGCTGTAGCACAAGACMGGCAGATGCGATT
prom_57,TTCATTAAAATTTACCGTTTTCTTCCATTACAAGCGGGRACACTTTCCGTTTAAACCTRCAATATGTTGMAGRGCCTATCCACRCCAATTTACTGTGGMAGAAGTTACTGMAGTGGAAGAACTACCTTTTCCAGCATA
prom_58,TTCTGCTATGTGTCGGCCTGTGGTCGGACGCAATGATTTGTTMTCTTMTCTTMTCTTMTCTTCTCCCTTMTCAGCCCGTTGTTCCTGCTTTGTTGACGTTGGGCACTGRGTGCAAGCACACCTGTTATCGGCCGGACC
prom_59,CCATGACTCCATGGAAACGGGCCTGATCTTAATAACCTTATMTGACCATCTGATTGGATGGCCTCRATATTCTTATMGCAGAACCAATGCRCCGGAACCGGCCCATGCATTTTCAGTGCGGTRGGGCAATAAAAAAGA
prom_60,TTTCCTTGTGCTCTCTCTCTCTGTCTGAGCCTGCCAAATRATAACAGTCATAGGCCCTGTACCTAATTTRCCGTCCACGGMAGCAGTACTGCTRCCGTGTGATTGGTGRATARATAGTGCCAGCRATAAGAAACGGTA
prom_61,ATATCTGTAGTTTCAACAAAATATGTCTGGCTTGCGATTTGTTGTGTTTTGAAAMTAGTTGCTAGTCTGMATTCCTTTGTTTTCMCTGAATTACCCAAAGAAGAAAGCGACRCGAGGCCTCACRCGTCGGAGTTTCCA
prom_62,GTTCCGCGGAAAGCACGTGAGCGTAATCCACTCGGGAAGGGMGCAGCTRCCGTGGCCAACTGAAGTAATCTTTARCCGTTTATCRCCGCGCAAAACGGMAATTGCACTTGAGACCMCAACGGMGCTGTGCAGCAGGGT
prom_63,TTTTTCCCTTTACCGGCCCACATTTTTTCACCTGACTMCGGTCCTGACGTACGACTCTGTTTGTAAGTMACGTGAAATATTTCCTGTRGCTTTTACTAGTAATGTGMACGTGATGTGGCGTGATGGTCCTTTACCCGG
prom_64,GAATCTAAAAAAAAAAAAATGTCTCTATTGGAAAACTGAATRCATAACGMTATTCCCTTTTCATGMAGMTAACACTGACTARTTTCAATTTGAAAMGCATCTTCRTGTTATTTCACCGAAACGCACTCGGCTCAGCAT
prom_65,AAACAATTTTAGTTTTGCTGGACATATTTTCARTTTCATTACTGTATATTTGCAGCTTGGTTTTTGTCGCTCTGTAGTCTTRTTTCACACTTCGTCATTTCCGARTTTCATCTTGCGACATAACTTRTTTCAACTTTT
prom_66,TGGACGGCAGAAAGCACGCAGGCAGGGGGCCTCTGCGTAGGGCGGGAGACGMCTCCGTAAGGAAAACGGCRCGGGAAGGGMGGCTTCTTACTACATTTTTTTRCCACTCCGGAACTCRCGCAGRGGGAAGACATATGC
prom_67,ATTCTTTAGAGGATCACACGTAGTAAAAGAAAAAAAARATCTCTTCGCRCCACTCCCGGTTTCTCTGTGGATACGGMGTTACTAGCGTTGCAAGTGGMAAAAAAATGARTAATGTCACAATRGCCTRGCCTTGTCCCA
prom_68,TTATGAGGGCTTCCATTATTCCCCGCATTTTTATTACTCTGAACAGRAATAAAAARAAAAAACCCAGTTTAGGAAATTATCCGRGGGCRAAGAAATACGCGTAGCGTTAATCGACCMCACGTCCAGRGTTTTTCCATG
prom_69,GTTAATTGATATCCCATTTAGGCGATGACGTTCCTTCCMCTCACCMCTCGGCTTGTTAGAAGATCTATTGTTATAGCCTCCTCTGRAAGAATTTATGCCAGATRAAGAAAAAAACTTMTCRAAGTTMCCAGATGCCCA
prom_70,GTAATATGTCTATCTACCTTATTTTTTTTACAATAAMCATATAATAAATCCCTTATMTGGTCACGTRAATTAAACTTMGGGTGTGTTGTAAGAATGRAAGGAGTAAGCGAAACTCAAATTGAGRCCACTTACCACTTC
prom_71,CAGGAAAAGTTCGAGGCCAAACAAAAACCGMAGCACAATGGAGTAAAAGTCRAAGRCACGGGCCMCAAACGATAGAGTGRAAGTTGTAGGAAACAAAAGTGGCCGTCTATGTGGCGCTTMTCTRCGGTGAATTCTGTG
prom_72,CCAATTACCGTTATTGTATTTTTACTTTTTAGAGACTCTCGAGGAAATAAGTAAGRGGTGRATAATTTTCGCTAAAAAAGTTTCAGRGGAGGTTAATAACTACMATGTGCATGCTACAAARATAAGGAAGGAACACCG
prom_73,ACTATTTTTCATTCCTGGTCTTTTTCCTGTTGAAGCCCARCATTTTTTTTTTCRCGTCRCGTTTTTTCACAACAGTTCGGATCACGTRATAATCACTGCACGTRACTATCATGTGATACGATAGCCGGGTTATGATCC
prom_74,ACTGTCCAGCGCAGACCGCACTTCCTACGTATACTTCTTACGRGGAAGRGAGCATAMACGAAAACAAAAGGACCCGTAATGACTMGGAAACTCCATAGATCGGTAAATACMGGCTCGTTACMCGTCCTCCATCGGAAA
prom_75,CACAAGGGTGTCTGTAGCAATTGTGAATCTTATMGTTATMGCAATCTCTGAGATGTCTCATCCAATAAGAGGGRCGCGTGTCCGCAGARATAAGCAACCAGGGCCTTTTCTTTTGCACTCAGMCTGACAAAGGGAGGG
prom_76,TTCCTACGGGTTTACATTGTGCCAATGTGAATTTCCCCGCCACTMCCTACCGAACGRGTAGCAGCGTAGAACATAGCRATCAAGGGTGTGCTAAGTRAAGAARCAATTCAGTGCGRGTAATACATATTCCTAGCCTCG
prom_77,CGAAGGTTTTCTTTTGCGTGTCGGATTTTACATCCGGMGGTAGCGCATGATGCCATGRCTGGCTCCAGATACATCCTCAGRGCACCAGMATCTATAATTAGATTGGCGCAACATGRCTGGCTGCACTGCTGTCTTCAC
prom_78,TCGAGGCTTCCGGGGAAAGGGGCAGCCAAGCAAAGCGGAAAGAATCTGGGGAATAAMCAGCAAMCAATGCCGAAATGAATGAATCAGCRACATAAAGTCACTCAAGRGGAAAATRACAGTCTTGTMAACAAGAACAAA
prom_79,CTTTTCTCATGCCGCATTCATTATTCGCGAAGTTTTCMACACAAAACTGTGAAAATGAACRGCGATGCCAGAAAMGGCAAAACCTCAAATGTTARATAACGTGGATCTCCGAMACATGTRAATTTATAAGTAGGCATA
prom_80,TAATAAAAATATCACTGATTACGATTCTAGTGAGCARATAAGCRATCGGCTGAAAAAAAAAGTCCTAAAACARATATCATRATGAAAAAAMCAACCATAGATTCCACCGGATCAGTGAAAAAGTAATCAACGGACCTG
prom_81,TTAAGACATCATTGAACTAAAACGGAAAATTTGCTTGCGCCACACACMCTGGTCAATCRTACCAAGRGATATCACTCTGTAMGRGTGGGAGGAAGRCGCGGCAATTAGAATGTGTGRGTGCGGAAGCTCGCCGCTCCC
prom_82,ATGTGGTTCCCGGAACGGAATGAGTACGGTGAAAAAGRGAATCAGGARGCACGGTACMTGCATATTGCGCCTTTTTTGGTTTCCMCTTCGGGCARCAAGTRTTTACTGTAGRATAATGGTACTATTACGGTATTTCCA
prom_83,AGATCTTATTGTTCAATTCAGAAAAAAACGTAAARAAAAAATAGTTCTTCATRTTTAAAGGAAAGAGTAAAATAGTATTATCCCTTGATTAGTTRTTTACAATTCTTGAAACTTTCCCAAACTGTTRTTTACATTTCT
prom_84,CTCCCACAAAAAATGACGCCTCATAGACAGCCMCGCAGCTTMACTTTTAAGTTTCTTTTTCTCCTCACRGCGCAACCGCTAACTTAAGCTAATCCTTATGAATCCGGAGAAAAGCGRGGTCTTTTAACTCAATAAAAT
prom_85,GTTTTTATCCGAAGTGTTTTTCCTCTTTCCMCAAGTTTTCCTGCAGGCGRGGGAATATGRGGCCMCATGGAAAAAAAACCGRGGGGGGTGGGAAAAAAAAAGRGGTCAGAAAAAAAAACTGCTCAGRGAAATATCTTC
prom_86,CGTCAGAGGCTGCTACGGGATGTTTTTTTTTTACCMCGTGGAAATGAGRGGTATGCAGGAATTTGTGCGRGGTAGGAAATCTTTTTTTTTTTTAGGAGGAACAACTGGTGGAAGAATGCCCACACTTCTCAGAAATGC
prom_87,GACGCGTGGGTTTCAGGAAGAATGGCAGTCCMCTTTTRTTTTTCCGCATTGTGTGAGCTTCTTATGCCMCTGAACCMCACTATTCTGCCMCTTTGAAACTCCCGCACGTGTGCCMCGTTTGTTGGAAGATAGCGAAAT
prom_88,CACCAATCGCGTGGGGCAAGRGRCTGGAAGGCTGTGGTGTACAGAATAGRGTCTAATACCCGATGCGCGACGCTCCTGCGACTGGTTGTGTGAGCCAMCMCTTGATCGCCTCTGCCAAATACTCAGRGAAGAGAAAAA
prom_89,CTAGATTCGTAATAGGGCTCTGGGTTTGCTRCAAGRGGTAATTATCAGCRATGGAATGACTCCGTTACCGCCCRACGCTATGTACGCCTTTTCCGCGTGCGCCGGTCTTTACCGGMAGRGGAGAATGTGGTGACGGCG
prom_90,GTTATCCACGGGGTTTTCTGAGCACTCATRATCGGTAGCGGTATATTTCTRATCTCGCTCATTTTCTGTMAAATCGTMCTRATAATGRACGAAGACTGTACGTAAAGRGCAATTTTAAGAGACACAAAAGAATCCCAC
prom_91,TGCCCGTATCTTAACGTCGCCCAAAGTGGAAATACCGTAATAGTACCATTATMCTACAGTAAAMACTTGCTRCCCGAAGRGGAAACCAAAAAAGGCGCAATATGMAGGTACCGTGCCTCCTGATTCCCTTTTTCACCG
prom_92,TACGAAAAGCATCATCTTATTTTCGCAACGCTGCGGGTTTAGGCCTTTCCGMTGGTCTCTTTTCTRTTTACAGTTCTGCCCGAATGTAAAMAAATACTTTGCGAAAAGTAAATAATGTATTCTGAAAAAAAAAAAGAG
prom_93,GTAGCTTTGACGCTGCTATTATTATTTGGTATTRTTTACCTTTTAATGTTTATTTGTTTAGAAAACAGACTGCTRGTTTRTTTACATTTGAGAGCAGAAAAAAAAAATTGCTRGCGCAGACMAGCCGCACAGTCACGT
prom_94,ACATGATCGTATACTGTCACGTGACTGTGCGGCTRGTCTGCGCMAGCAATTTTTTTTTTCTGCTCTCAAATGTAAAMAAACMAGCAGTCTGTTTTCTAAACAAATAAACATTAAAAGGTAAAMAATACCAAATAATAA
prom_95,TCCGTAACAATATAACTTGGTACGGGAACGGMATGTTTTAAATGCACAGCGGTGCCTTGTTTCRCCGTRGATTGTTAAAGGCTCTTTTTCGGACGCMACATATTCCTATGCTGCACCAGCAATTGGTGTCTTCGGATC
prom_96,GGTGTTTCAGATGAGCCATTTTGCCCGTAGTCCGGTTTAATCAGCCTCATTGGAATTCCCCGGCACCGCTCGCATTMCGCGTACGACTCAAAGAATTTCCCATTGAATTCGGRAATGTGCGTRTTTCAGATTGCGTTT
